vek;CZ0;CZ01;CZ02;CZ03;CZ04;CZ05;CZ06;CZ07;CZ08;CZ010;CZ020;CZ031;CZ032;CZ041;CZ042;CZ051;CZ052;CZ053;CZ063;CZ064;CZ071;CZ072;CZ080;CZ0100;CZ0201;CZ0202;CZ0203;CZ0204;CZ0205;CZ0206;CZ0207;CZ0208;CZ0209;CZ020A;CZ020B;CZ020C;CZ0311;CZ0312;CZ0313;CZ0314;CZ0315;CZ0316;CZ0317;CZ0321;CZ0322;CZ0323;CZ0324;CZ0325;CZ0326;CZ0327;CZ0411;CZ0412;CZ0413;CZ0421;CZ0422;CZ0423;CZ0424;CZ0425;CZ0426;CZ0427;CZ0511;CZ0512;CZ0513;CZ0514;CZ0521;CZ0522;CZ0523;CZ0524;CZ0525;CZ0531;CZ0532;CZ0533;CZ0534;CZ0631;CZ0632;CZ0633;CZ0634;CZ0635;CZ0641;CZ0642;CZ0643;CZ0644;CZ0645;CZ0646;CZ0647;CZ0711;CZ0712;CZ0713;CZ0714;CZ0715;CZ0721;CZ0722;CZ0723;CZ0724;CZ0801;CZ0802;CZ0803;CZ0804;CZ0805;CZ0806
0;110 053;14 566;14 684;12 450;10 553;15 496;18 198;12 364;11 742;14 566;14 684;6 558;5 892;2 658;7 895;4 548;5 510;5 438;5 325;12 873;6 551;5 813;11 742;14 566;956;1 054;1 671;1 107;768;1 165;1 391;1 043;2 119;1 741;1 123;546;2 266;627;887;678;454;658;988;599;833;1 973;614;826;513;534;809;1 036;813;1 193;1 220;1 169;859;1 004;1 231;1 219;1 039;929;1 868;712;1 775;813;1 024;779;1 119;1 119;1 838;1 052;1 429;1 011;1 190;754;1 101;1 269;1 070;4 448;2 545;1 146;1 416;986;1 262;365;2 468;1 137;1 326;1 255;1 076;1 391;1 462;1 884;799;2 186;2 225;1 585;1 771;3 176
1;112 555;14 655;15 552;12 744;10 861;15 811;18 845;12 092;11 995;14 655;15 552;6 655;6 089;2 791;8 070;4 630;5 493;5 688;5 457;13 388;6 362;5 730;11 995;14 655;1 045;1 096;1 766;1 208;745;1 209;1 351;1 160;2 284;1 870;1 253;565;2 145;621;939;732;516;680;1 022;655;812;2 050;650;811;522;589;855;1 039;897;1 260;1 282;1 177;825;1 068;1 264;1 194;1 020;973;1 881;756;1 711;789;1 105;796;1 092;1 155;1 956;1 094;1 483;1 037;1 189;720;1 157;1 354;1 232;4 489;2 672;1 213;1 477;1 095;1 210;350;2 525;1 095;1 218;1 174;997;1 430;1 440;1 863;822;2 167;2 271;1 654;1 792;3 289
2;114 739;15 013;15 986;12 947;10 818;15 950;19 000;12 697;12 328;15 013;15 986;6 782;6 165;2 724;8 094;4 705;5 695;5 550;5 379;13 621;6 605;6 092;12 328;15 013;1 047;1 135;1 790;1 199;820;1 251;1 425;1 141;2 406;2 000;1 173;599;2 228;704;855;700;533;710;1 052;645;786;2 086;669;887;534;558;832;1 017;875;1 161;1 256;1 186;885;1 075;1 246;1 285;1 041;961;1 943;760;1 733;834;1 132;835;1 161;1 089;1 876;1 084;1 501;1 008;1 196;723;1 046;1 406;1 204;4 391;2 944;1 224;1 489;1 125;1 244;331;2 708;1 095;1 234;1 237;1 118;1 430;1 512;2 032;825;2 311;2 317;1 713;1 896;3 266
3;115 514;14 922;16 903;13 104;11 143;15 816;18 924;12 699;12 003;14 922;16 903;6 916;6 188;2 697;8 446;4 772;5 638;5 406;5 365;13 559;6 621;6 078;12 003;14 922;1 176;1 220;1 849;1 309;834;1 313;1 466;1 166;2 652;2 067;1 267;584;2 257;641;878;729;543;786;1 082;624;816;2 088;695;834;522;609;856;988;853;1 342;1 268;1 278;904;1 102;1 305;1 247;1 032;1 017;1 976;747;1 740;841;1 078;888;1 091;1 119;1 807;1 063;1 417;1 035;1 259;707;1 095;1 269;1 269;4 265;2 871;1 234;1 504;1 142;1 274;346;2 655;1 113;1 280;1 227;1 069;1 482;1 514;2 013;866;2 291;2 299;1 635;1 773;3 139
4;114 401;14 650;16 626;12 855;11 190;16 176;18 531;12 429;11 944;14 650;16 626;6 774;6 081;2 838;8 352;4 968;5 570;5 638;5 250;13 281;6 628;5 801;11 944;14 650;1 101;1 162;1 913;1 184;804;1 263;1 426;1 124;2 734;2 146;1 221;548;2 256;643;854;735;529;713;1 044;648;835;2 011;662;850;512;563;853;1 087;898;1 278;1 253;1 191;896;1 133;1 321;1 280;1 103;1 061;2 012;792;1 708;795;1 086;830;1 151;1 098;1 962;1 082;1 496;971;1 212;659;1 087;1 321;1 207;4 209;2 901;1 252;1 429;1 068;1 215;331;2 674;1 107;1 319;1 197;1 093;1 382;1 405;1 921;871;2 214;2 305;1 599;1 823;3 132
5;113 072;14 652;16 731;12 728;11 197;15 611;18 080;12 293;11 780;14 652;16 731;6 715;6 013;2 750;8 447;4 734;5 527;5 350;5 155;12 925;6 462;5 831;11 780;14 652;1 157;1 212;1 786;1 181;847;1 284;1 370;1 125;2 772;2 188;1 198;611;2 232;661;881;711;510;736;984;654;787;2 037;592;917;498;528;865;1 011;874;1 326;1 269;1 321;893;1 118;1 262;1 258;1 058;934;1 966;776;1 682;876;1 081;796;1 092;1 045;1 871;1 044;1 390;939;1 222;697;1 139;1 158;1 192;4 041;2 877;1 146;1 441;1 032;1 196;332;2 566;1 126;1 177;1 261;1 022;1 384;1 493;1 932;811;2 190;2 226;1 627;1 816;3 110
6;112 604;14 517;16 810;12 485;11 177;15 495;18 240;11 974;11 906;14 517;16 810;6 590;5 895;2 756;8 421;4 524;5 497;5 474;5 292;12 948;6 325;5 649;11 906;14 517;1 090;1 181;1 904;1 131;755;1 282;1 423;1 242;2 832;2 174;1 218;578;2 180;624;886;725;469;733;973;605;788;2 010;672;809;495;516;879;1 048;829;1 304;1 222;1 305;895;1 122;1 323;1 250;1 089;920;1 829;686;1 709;739;1 022;851;1 176;1 091;1 875;1 035;1 473;992;1 278;702;1 082;1 238;1 191;3 992;2 859;1 152;1 483;1 101;1 170;312;2 595;1 093;1 209;1 116;1 017;1 390;1 423;1 819;895;2 257;2 281;1 567;1 767;3 139
7;109 841;13 824;16 488;12 256;11 055;15 370;17 371;11 922;11 555;13 824;16 488;6 526;5 730;2 819;8 236;4 650;5 487;5 233;4 879;12 492;6 325;5 597;11 555;13 824;1 069;1 067;1 921;1 190;712;1 132;1 368;1 132;2 885;2 215;1 198;599;2 069;618;818;719;523;687;1 092;619;813;1 873;602;816;480;527;947;1 033;839;1 303;1 207;1 256;923;1 089;1 234;1 224;1 094;939;1 893;724;1 649;781;1 102;815;1 140;1 013;1 828;1 001;1 391;914;1 132;652;1 034;1 147;1 217;3 809;2 762;1 160;1 376;1 052;1 116;330;2 554;1 064;1 189;1 188;1 007;1 353;1 405;1 832;800;2 189;2 191;1 564;1 795;3 016
8;110 880;14 161;16 626;12 741;11 053;15 551;17 426;11 765;11 557;14 161;16 626;6 744;5 997;2 759;8 294;4 621;5 452;5 478;5 178;12 248;6 255;5 510;11 557;14 161;1 145;1 139;1 883;1 179;783;1 179;1 422;1 163;2 829;2 191;1 163;550;2 232;637;888;677;539;716;1 055;636;830;1 949;663;811;552;556;860;1 047;852;1 313;1 248;1 268;843;1 135;1 273;1 214;1 044;922;1 912;743;1 626;778;1 059;818;1 171;1 114;1 877;1 054;1 433;996;1 215;734;1 047;1 186;1 206;3 700;2 651;1 185;1 416;987;1 103;338;2 484;1 052;1 218;1 163;1 001;1 303;1 362;1 844;819;2 268;2 236;1 523;1 729;2 982
9;110 560;13 686;16 912;12 285;11 488;15 510;17 378;11 807;11 494;13 686;16 912;6 465;5 820;2 899;8 589;4 681;5 457;5 372;5 046;12 332;6 210;5 597;11 494;13 686;1 110;1 136;1 878;1 177;804;1 250;1 455;1 201;2 826;2 350;1 153;572;2 055;636;839;709;524;711;991;614;827;1 929;629;835;467;519;946;1 071;882;1 402;1 251;1 340;938;1 080;1 336;1 242;1 091;988;1 894;708;1 615;791;1 077;786;1 188;1 095;1 817;1 053;1 407;947;1 169;681;1 073;1 176;1 160;3 796;2 668;1 140;1 426;1 013;1 129;320;2 564;1 105;1 138;1 083;985;1 372;1 437;1 803;819;2 176;2 231;1 516;1 787;2 965
10;120 613;14 464;17 803;13 669;12 762;17 188;18 509;13 172;13 046;14 464;17 803;7 144;6 525;3 297;9 465;5 249;6 068;5 871;5 442;13 067;6 936;6 236;13 046;14 464;1 197;1 202;2 031;1 225;814;1 332;1 578;1 374;2 931;2 269;1 235;615;2 330;681;950;742;561;757;1 123;696;911;2 100;696;978;536;608;1 034;1 229;1 034;1 514;1 446;1 362;1 032;1 224;1 508;1 379;1 252;1 041;2 141;815;1 801;879;1 208;889;1 291;1 114;1 982;1 184;1 591;1 034;1 297;735;1 090;1 286;1 300;3 889;2 887;1 238;1 496;1 046;1 211;365;2 647;1 196;1 398;1 330;1 119;1 489;1 528;2 100;949;2 508;2 600;1 740;1 889;3 360
11;122 273;14 297;17 790;14 033;13 218;17 563;18 718;13 400;13 254;14 297;17 790;7 330;6 703;3 428;9 790;5 370;6 348;5 845;5 501;13 217;7 210;6 190;13 254;14 297;1 205;1 200;1 952;1 233;806;1 353;1 577;1 284;2 926;2 351;1 289;614;2 238;747;1 002;796;563;811;1 173;755;938;2 186;763;932;524;605;1 131;1 241;1 056;1 596;1 488;1 391;1 069;1 364;1 451;1 431;1 225;1 094;2 165;886;1 877;917;1 307;942;1 305;1 125;2 010;1 165;1 545;994;1 358;707;1 147;1 295;1 267;3 906;2 805;1 282;1 546;1 094;1 317;410;2 728;1 274;1 402;1 396;1 106;1 504;1 570;2 010;989;2 464;2 591;1 755;2 015;3 440
12;123 732;14 034;17 959;14 126;13 711;17 797;18 958;13 723;13 424;14 034;17 959;7 445;6 681;3 504;10 207;5 434;6 387;5 976;5 695;13 263;7 252;6 471;13 424;14 034;1 232;1 212;2 031;1 199;838;1 389;1 642;1 331;2 844;2 296;1 277;668;2 285;755;1 015;829;594;813;1 154;777;894;2 117;734;998;565;596;1 107;1 346;1 051;1 619;1 604;1 487;1 059;1 376;1 561;1 501;1 339;1 087;2 151;857;1 897;926;1 278;884;1 402;1 149;1 999;1 213;1 615;1 056;1 363;770;1 166;1 340;1 301;3 804;2 956;1 255;1 583;1 084;1 280;415;2 733;1 301;1 412;1 391;1 170;1 503;1 613;2 185;1 037;2 421;2 654;1 693;2 063;3 556
13;119 308;13 220;16 993;13 673;13 279;17 345;18 064;13 317;13 417;13 220;16 993;7 234;6 439;3 405;9 874;5 169;6 310;5 866;5 511;12 553;7 027;6 290;13 417;13 220;1 131;1 170;2 070;1 182;830;1 305;1 464;1 290;2 603;2 094;1 257;597;2 200;775;1 012;764;555;808;1 120;713;965;1 970;662;985;532;612;1 103;1 286;1 016;1 666;1 395;1 459;1 011;1 350;1 551;1 442;1 257;1 039;2 068;805;1 847;944;1 214;904;1 401;1 127;1 960;1 219;1 560;1 058;1 266;710;1 197;1 280;1 178;3 630;2 600;1 159;1 606;1 012;1 368;411;2 615;1 241;1 407;1 353;1 168;1 471;1 608;2 043;1 055;2 469;2 607;1 750;2 064;3 472
14;109 596;12 163;15 418;12 694;12 169;15 751;16 829;12 248;12 324;12 163;15 418;6 612;6 082;3 193;8 976;4 633;5 684;5 434;5 176;11 653;6 490;5 758;12 324;12 163;1 096;1 081;1 727;1 112;723;1 144;1 323;1 132;2 390;1 935;1 148;607;2 015;690;921;686;503;743;1 054;647;910;1 889;660;865;490;621;1 012;1 189;992;1 434;1 294;1 250;945;1 284;1 451;1 318;1 056;946;1 877;754;1 680;793;1 148;859;1 204;1 059;1 761;1 079;1 535;946;1 205;713;1 089;1 223;1 104;3 421;2 457;1 144;1 488;914;1 125;371;2 400;1 132;1 354;1 233;1 037;1 379;1 410;1 932;935;2 200;2 439;1 587;1 932;3 231
15;103 852;10 980;14 732;11 978;11 400;14 816;16 254;11 908;11 784;10 980;14 732;6 307;5 671;2 861;8 539;4 285;5 466;5 065;5 135;11 119;6 159;5 749;11 784;10 980;995;1 019;1 740;1 035;725;1 112;1 229;1 111;2 284;1 875;1 101;506;1 914;656;878;686;498;673;1 002;643;893;1 696;642;812;463;522;945;1 036;880;1 433;1 294;1 253;870;1 088;1 335;1 266;1 011;815;1 699;760;1 592;809;1 114;745;1 206;1 071;1 533;1 072;1 389;963;1 136;684;1 134;1 218;1 022;3 199;2 371;1 100;1 427;867;1 133;377;2 284;1 057;1 281;1 160;1 010;1 371;1 471;1 897;900;2 150;2 222;1 552;1 795;3 165
16;99 213;10 328;13 869;11 397;11 046;14 510;15 533;11 162;11 368;10 328;13 869;6 132;5 265;2 687;8 359;4 349;5 201;4 960;4 844;10 689;5 868;5 294;11 368;10 328;945;931;1 611;983;677;1 093;1 196;1 014;2 081;1 708;1 118;512;1 835;608;834;614;533;705;1 003;581;832;1 588;564;789;431;480;854;1 002;831;1 304;1 259;1 213;884;1 155;1 316;1 228;1 031;881;1 730;707;1 450;748;1 063;840;1 100;968;1 608;1 001;1 383;874;1 090;674;1 003;1 203;1 050;2 981;2 209;1 109;1 400;901;1 039;361;2 144;1 064;1 163;1 136;994;1 258;1 316;1 726;902;2 093;2 249;1 451;1 776;2 897
17;95 803;9 716;13 035;11 047;10 907;13 988;14 946;11 109;11 055;9 716;13 035;5 890;5 157;2 712;8 195;4 089;5 099;4 800;4 764;10 182;5 858;5 251;11 055;9 716;882;811;1 520;985;637;1 023;1 101;992;1 872;1 594;1 097;521;1 720;597;840;691;445;652;945;643;811;1 518;525;744;418;498;842;1 050;820;1 383;1 225;1 100;887;1 060;1 272;1 268;995;860;1 580;654;1 385;740;1 088;800;1 086;988;1 474;1 041;1 297;868;1 044;660;1 086;1 106;972;2 847;2 089;1 005;1 325;818;1 126;351;2 135;1 043;1 194;1 135;904;1 320;1 301;1 726;859;2 008;2 160;1 440;1 643;2 945
18;95 944;10 090;12 994;11 157;10 772;13 930;15 169;10 886;10 946;10 090;12 994;5 962;5 195;2 797;7 975;4 153;4 966;4 811;4 731;10 438;5 654;5 232;10 946;10 090;908;851;1 527;938;668;1 088;1 151;1 037;1 742;1 550;1 052;482;1 724;645;865;662;497;649;920;577;826;1 575;573;732;446;466;902;1 025;870;1 319;1 244;1 067;821;1 115;1 205;1 204;1 003;840;1 628;682;1 414;729;1 038;712;1 073;975;1 446;1 029;1 361;876;1 042;676;973;1 164;954;3 133;2 046;978;1 447;821;1 059;344;2 066;988;1 173;1 083;933;1 283;1 313;1 703;893;1 926;2 263;1 415;1 646;2 803
19;95 638;11 114;12 529;10 892;10 642;13 737;14 785;11 001;10 938;11 114;12 529;5 770;5 122;2 718;7 924;4 052;4 979;4 706;4 564;10 221;5 755;5 246;10 938;11 114;890;821;1 534;877;652;990;1 143;915;1 755;1 413;1 042;497;1 682;557;878;628;520;611;894;573;793;1 586;532;744;395;499;869;1 005;844;1 314;1 209;1 128;805;1 078;1 224;1 166;902;802;1 669;679;1 423;693;1 040;719;1 104;984;1 441;953;1 328;816;975;657;1 031;1 085;906;3 203;2 005;981;1 313;752;1 061;363;2 133;989;1 177;1 093;992;1 234;1 284;1 736;874;1 921;2 206;1 428;1 590;2 919
20;95 046;10 958;12 074;10 976;10 518;14 037;14 803;10 803;10 877;10 958;12 074;5 755;5 221;2 723;7 795;4 149;5 073;4 815;4 761;10 042;5 511;5 292;10 877;10 958;897;864;1 417;804;651;921;1 121;933;1 573;1 403;1 008;482;1 711;568;855;624;477;592;928;628;782;1 594;557;683;466;511;876;1 025;822;1 255;1 181;1 089;812;1 075;1 194;1 189;1 028;802;1 677;642;1 403;730;1 087;747;1 106;952;1 568;1 022;1 273;876;1 049;704;1 031;1 101;911;3 090;1 865;1 001;1 321;789;1 065;359;1 950;974;1 132;1 096;892;1 245;1 354;1 801;865;1 983;2 223;1 386;1 559;2 861
21;93 621;10 530;11 528;10 839;10 156;14 084;14 663;10 868;10 953;10 530;11 528;5 788;5 051;2 606;7 550;4 079;5 051;4 954;4 643;10 020;5 589;5 279;10 953;10 530;859;792;1 305;866;667;935;1 060;832;1 533;1 228;1 007;444;1 645;600;813;673;519;631;907;561;798;1 551;526;752;393;470;826;988;792;1 207;1 219;1 036;800;1 037;1 143;1 108;998;811;1 581;689;1 485;701;1 059;718;1 088;1 042;1 583;969;1 360;856;1 013;678;1 000;1 096;905;2 925;1 957;1 055;1 371;782;1 025;356;2 070;979;1 150;1 034;956;1 292;1 397;1 634;866;1 956;2 269;1 432;1 579;2 851
22;95 133;10 649;11 746;10 928;10 405;14 240;15 172;10 967;11 026;10 649;11 746;5 766;5 162;2 732;7 673;4 122;5 096;5 022;4 940;10 232;5 731;5 236;11 026;10 649;853;787;1 440;858;711;948;1 112;857;1 484;1 207;1 009;480;1 676;562;861;663;477;575;952;545;753;1 549;609;755;442;509;847;1 024;861;1 311;1 214;1 037;811;1 046;1 187;1 067;994;833;1 612;683;1 511;727;1 043;728;1 087;1 029;1 551;1 074;1 368;909;1 048;731;1 091;1 161;988;3 022;1 942;1 047;1 384;764;1 085;382;2 027;974;1 168;1 180;935;1 297;1 347;1 657;917;1 982;2 273;1 429;1 612;2 813
23;96 395;11 301;12 009;11 026;10 239;14 342;15 316;10 894;11 268;11 301;12 009;5 873;5 153;2 624;7 615;4 070;5 199;5 073;4 960;10 356;5 729;5 165;11 268;11 301;853;800;1 447;926;677;954;1 143;910;1 506;1 204;1 055;534;1 715;626;830;688;493;620;901;514;787;1 594;577;734;402;545;798;952;874;1 230;1 143;1 043;856;1 059;1 179;1 105;1 035;822;1 581;632;1 468;735;1 084;838;1 074;994;1 643;1 075;1 361;882;1 060;712;1 049;1 257;1 003;3 145;1 900;993;1 404;813;1 098;363;2 078;988;1 181;1 119;926;1 225;1 339;1 675;928;2 006;2 213;1 474;1 683;2 964
24;97 715;11 714;12 042;11 215;10 437;14 280;15 513;11 059;11 455;11 714;12 042;5 812;5 403;2 680;7 757;4 175;5 111;4 994;4 924;10 589;5 712;5 347;11 455;11 714;846;820;1 463;881;656;992;1 189;876;1 526;1 246;1 057;490;1 646;569;853;698;469;649;928;600;806;1 708;573;741;445;530;858;970;852;1 198;1 238;1 092;851;1 032;1 211;1 135;1 037;817;1 682;639;1 465;694;1 136;715;1 101;1 050;1 600;1 045;1 299;919;1 043;663;1 111;1 188;980;3 219;1 963;1 059;1 414;810;1 144;378;2 010;945;1 220;1 159;955;1 333;1 382;1 677;930;2 032;2 400;1 413;1 679;3 001
25;104 296;12 987;12 718;12 096;11 036;15 040;16 649;11 737;12 033;12 987;12 718;6 304;5 792;2 892;8 144;4 359;5 378;5 303;5 290;11 359;6 021;5 716;12 033;12 987;933;862;1 593;962;748;1 048;1 299;974;1 484;1 236;1 066;513;1 885;612;907;703;519;679;999;596;857;1 809;631;793;493;613;871;1 044;977;1 306;1 276;1 147;879;1 097;1 287;1 152;1 065;838;1 734;722;1 522;855;1 092;786;1 123;1 079;1 653;1 130;1 441;948;1 137;739;1 165;1 301;1 053;3 592;2 094;1 100;1 493;844;1 183;377;2 174;1 035;1 260;1 175;1 047;1 432;1 479;1 758;940;2 200;2 474;1 520;1 747;3 152
26;115 477;14 294;13 811;13 574;12 378;16 306;18 716;13 174;13 224;14 294;13 811;7 068;6 506;3 268;9 110;4 734;5 779;5 793;5 793;12 923;6 919;6 255;13 224;14 294;1 006;930;1 717;1 076;857;1 152;1 410;972;1 647;1 356;1 149;539;2 070;703;1 036;759;597;765;1 138;691;932;2 091;670;931;532;659;1 037;1 213;1 018;1 379;1 411;1 240;936;1 318;1 471;1 355;1 124;960;1 869;781;1 716;877;1 144;827;1 215;1 195;1 836;1 212;1 550;1 057;1 296;789;1 239;1 412;1 164;4 117;2 283;1 311;1 788;959;1 301;434;2 490;1 148;1 466;1 381;1 128;1 548;1 595;1 984;1 018;2 302;2 788;1 768;1 844;3 504
27;129 844;16 281;15 733;14 910;13 629;18 537;21 433;14 583;14 738;16 281;15 733;7 788;7 122;3 497;10 132;5 395;6 594;6 548;6 561;14 872;7 584;6 999;14 738;16 281;1 072;1 051;1 968;1 245;953;1 371;1 610;1 139;1 822;1 539;1 323;640;2 389;781;1 147;865;603;826;1 177;785;1 060;2 222;763;976;599;717;1 053;1 354;1 090;1 615;1 524;1 426;1 071;1 410;1 594;1 492;1 297;1 026;2 212;860;1 958;943;1 300;1 003;1 390;1 324;2 125;1 378;1 721;1 128;1 438;907;1 521;1 567;1 348;4 809;2 616;1 493;1 973;1 142;1 491;447;2 792;1 282;1 581;1 482;1 223;1 742;1 773;2 261;1 127;2 639;3 066;1 879;2 068;3 959
28;131 457;17 253;16 063;14 873;13 287;18 759;21 374;14 857;14 991;17 253;16 063;7 838;7 035;3 399;9 888;5 437;6 642;6 680;6 374;15 000;7 710;7 147;14 991;17 253;1 145;1 041;1 948;1 257;944;1 331;1 753;1 142;1 973;1 517;1 343;669;2 509;746;1 090;844;629;794;1 226;732;962;2 313;714;969;630;715;1 065;1 279;1 055;1 509;1 561;1 448;1 015;1 378;1 553;1 424;1 265;1 066;2 102;1 004;2 029;974;1 259;1 029;1 351;1 316;2 197;1 364;1 803;1 166;1 410;895;1 411;1 492;1 259;5 045;2 631;1 504;1 922;1 148;1 491;474;2 923;1 333;1 562;1 418;1 306;1 744;1 770;2 327;1 124;2 690;3 159;1 939;2 063;4 016
29;139 851;19 329;17 055;15 940;13 976;19 367;22 571;15 651;15 962;19 329;17 055;8 268;7 672;3 646;10 330;5 545;7 000;6 822;6 478;16 093;8 116;7 535;15 962;19 329;1 238;1 173;2 072;1 270;1 029;1 476;1 706;1 288;2 038;1 660;1 440;665;2 647;795;1 105;896;664;895;1 266;837;1 036;2 555;782;1 125;622;715;1 104;1 365;1 177;1 558;1 629;1 524;1 055;1 407;1 590;1 567;1 281;1 127;2 204;933;2 160;1 006;1 354;1 065;1 415;1 376;2 361;1 299;1 786;1 153;1 389;892;1 451;1 593;1 420;5 582;2 838;1 445;2 026;1 258;1 524;455;3 076;1 329;1 685;1 571;1 358;1 795;1 972;2 410;1 209;2 782;3 254;2 086;2 243;4 388
30;141 773;20 642;17 301;16 045;13 898;19 231;22 743;15 688;16 225;20 642;17 301;8 280;7 765;3 698;10 200;5 687;6 739;6 805;6 632;16 111;8 253;7 435;16 225;20 642;1 169;1 158;2 121;1 404;967;1 431;1 748;1 325;2 259;1 634;1 404;681;2 739;750;1 072;919;672;897;1 231;770;1 080;2 766;745;1 043;622;739;1 186;1 345;1 167;1 508;1 621;1 431;1 070;1 441;1 582;1 547;1 346;1 115;2 327;899;2 064;953;1 315;1 006;1 401;1 346;2 321;1 339;1 799;1 176;1 505;893;1 467;1 591;1 359;5 731;2 873;1 450;1 930;1 226;1 542;441;3 100;1 378;1 714;1 620;1 306;1 764;1 840;2 525;1 201;2 835;3 292;2 084;2 276;4 537
31;140 580;20 974;17 389;16 002;13 826;18 958;22 450;15 288;15 693;20 974;17 389;8 092;7 910;3 716;10 110;5 606;6 799;6 553;6 316;16 134;8 049;7 239;15 693;20 974;1 157;1 217;2 103;1 329;931;1 432;1 827;1 283;2 250;1 730;1 437;693;2 622;799;1 077;897;651;862;1 184;826;1 018;2 787;811;1 036;646;786;1 138;1 457;1 121;1 482;1 649;1 436;1 101;1 388;1 579;1 475;1 290;1 074;2 303;939;2 065;1 005;1 335;1 002;1 392;1 306;2 391;1 197;1 659;1 125;1 450;878;1 384;1 479;1 385;5 914;2 856;1 525;1 882;1 179;1 393;513;3 049;1 349;1 654;1 484;1 232;1 724;1 810;2 473;1 104;2 847;3 147;1 941;2 272;4 382
32;145 736;22 202;18 199;16 295;14 366;19 644;23 166;15 629;16 235;22 202;18 199;8 287;8 008;3 775;10 591;5 781;6 888;6 975;6 449;16 717;8 132;7 497;16 235;22 202;1 196;1 296;2 250;1 431;1 043;1 484;1 818;1 263;2 496;1 778;1 457;687;2 734;829;1 074;907;627;876;1 240;779;983;2 903;824;1 063;677;779;1 186;1 457;1 132;1 556;1 746;1 505;1 098;1 488;1 691;1 507;1 395;1 093;2 404;889;2 091;983;1 357;989;1 468;1 404;2 527;1 327;1 717;1 182;1 499;866;1 408;1 494;1 330;6 147;3 031;1 535;1 927;1 260;1 487;467;3 192;1 348;1 619;1 506;1 324;1 820;1 865;2 488;1 111;2 922;3 183;2 054;2 389;4 576
33;144 420;22 239;18 232;16 199;14 275;19 484;22 895;15 412;15 684;22 239;18 232;8 170;8 029;3 780;10 495;5 813;6 828;6 843;6 277;16 618;8 028;7 384;15 684;22 239;1 213;1 302;2 138;1 469;966;1 489;1 786;1 289;2 528;1 897;1 438;717;2 732;822;1 058;820;617;908;1 213;799;977;2 937;837;1 008;666;805;1 113;1 518;1 149;1 567;1 733;1 490;1 065;1 442;1 722;1 476;1 359;1 111;2 399;944;2 158;1 003;1 280;960;1 427;1 311;2 529;1 274;1 729;1 190;1 451;875;1 293;1 468;1 373;6 143;2 964;1 500;1 894;1 283;1 461;461;3 136;1 347;1 638;1 446;1 289;1 849;1 796;2 450;1 088;2 832;3 224;1 960;2 301;4 279
34;146 422;22 823;18 901;16 278;14 370;19 258;23 427;15 429;15 936;22 823;18 901;8 159;8 119;3 800;10 570;5 655;6 849;6 754;6 512;16 915;8 006;7 423;15 936;22 823;1 243;1 323;2 234;1 436;1 002;1 596;1 975;1 322;2 530;1 993;1 499;748;2 720;774;1 042;873;594;883;1 273;768;1 007;2 971;819;1 089;675;790;1 192;1 465;1 143;1 526;1 681;1 522;1 099;1 519;1 759;1 464;1 308;1 136;2 317;894;2 121;961;1 309;993;1 465;1 364;2 529;1 202;1 659;1 155;1 552;913;1 359;1 533;1 424;6 216;3 085;1 500;1 925;1 346;1 419;469;3 130;1 351;1 570;1 486;1 334;1 795;1 836;2 458;1 071;2 763;3 218;1 996;2 335;4 553
35;149 296;22 921;19 606;16 550;14 518;19 927;24 339;15 672;15 763;22 921;19 606;8 224;8 326;3 860;10 658;5 813;7 101;7 013;6 701;17 638;8 132;7 540;15 763;22 921;1 336;1 405;2 286;1 525;1 055;1 518;1 913;1 392;2 757;2 147;1 523;749;2 720;788;1 018;859;644;872;1 323;767;1 059;3 130;868;1 067;628;807;1 249;1 449;1 162;1 573;1 709;1 498;1 182;1 449;1 755;1 492;1 323;1 162;2 411;917;2 219;1 078;1 312;1 041;1 451;1 392;2 548;1 303;1 770;1 258;1 513;927;1 438;1 565;1 389;6 369;3 329;1 585;2 047;1 395;1 524;433;3 289;1 360;1 619;1 431;1 414;1 811;1 813;2 502;1 118;2 875;3 292;1 903;2 289;4 286
36;149 409;22 982;19 853;16 900;14 523;19 807;24 164;15 603;15 577;22 982;19 853;8 556;8 344;3 840;10 683;5 815;7 054;6 938;6 520;17 644;8 093;7 510;15 577;22 982;1 310;1 402;2 354;1 528;980;1 585;2 010;1 359;2 886;2 161;1 518;760;2 826;870;1 103;893;640;936;1 288;806;1 046;2 992;864;1 160;647;829;1 201;1 520;1 119;1 513;1 817;1 544;1 112;1 445;1 758;1 494;1 455;1 168;2 279;913;2 173;1 019;1 318;1 106;1 438;1 357;2 581;1 294;1 706;1 260;1 483;940;1 348;1 489;1 499;6 181;3 378;1 640;2 056;1 395;1 495;433;3 213;1 424;1 596;1 427;1 354;1 926;1 761;2 469;1 124;2 837;3 025;1 926;2 348;4 317
37;149 465;22 604;20 193;16 829;14 524;19 752;24 086;15 671;15 806;22 604;20 193;8 428;8 401;3 742;10 782;5 966;6 959;6 827;6 640;17 446;8 103;7 568;15 806;22 604;1 363;1 442;2 294;1 537;1 063;1 576;2 030;1 423;2 964;2 215;1 552;734;2 709;807;1 154;873;661;891;1 333;771;1 095;3 059;882;1 110;709;775;1 185;1 423;1 134;1 559;1 761;1 589;1 184;1 488;1 707;1 494;1 447;1 214;2 403;902;2 133;1 080;1 278;1 057;1 411;1 301;2 554;1 274;1 698;1 168;1 556;939;1 460;1 517;1 567;6 053;3 308;1 611;2 029;1 302;1 576;464;3 163;1 432;1 627;1 417;1 338;1 855;1 876;2 499;1 074;2 799;3 204;2 090;2 393;4 246
38;152 322;23 014;20 620;17 120;14 970;20 193;24 576;16 201;15 628;23 014;20 620;8 583;8 537;3 851;11 119;6 036;7 089;7 068;6 762;17 814;8 458;7 743;15 628;23 014;1 426;1 535;2 348;1 572;1 051;1 544;1 930;1 474;3 153;2 300;1 522;765;2 638;828;1 174;937;678;957;1 371;817;1 075;3 157;855;1 180;701;752;1 148;1 553;1 150;1 654;1 756;1 621;1 229;1 497;1 760;1 602;1 425;1 240;2 444;927;2 237;1 063;1 345;1 004;1 440;1 364;2 562;1 388;1 754;1 256;1 605;918;1 475;1 508;1 596;6 235;3 378;1 597;2 073;1 389;1 546;450;3 363;1 516;1 666;1 463;1 368;1 933;1 864;2 578;1 149;2 921;3 023;1 971;2 358;4 206
39;152 818;22 782;21 168;17 138;14 912;20 329;24 418;16 659;15 412;22 782;21 168;8 757;8 381;3 775;11 137;6 068;7 120;7 141;6 753;17 665;8 757;7 902;15 412;22 782;1 419;1 504;2 509;1 545;1 051;1 619;2 037;1 544;3 193;2 422;1 534;791;2 767;875;1 179;899;732;972;1 333;825;1 082;2 956;941;1 163;720;694;1 168;1 485;1 122;1 630;1 840;1 677;1 200;1 475;1 755;1 560;1 393;1 247;2 484;944;2 208;1 056;1 309;1 006;1 541;1 373;2 603;1 379;1 786;1 221;1 612;972;1 476;1 472;1 545;5 913;3 534;1 713;2 105;1 327;1 528;471;3 458;1 584;1 702;1 542;1 475;1 943;1 825;2 659;1 084;2 788;2 972;1 984;2 357;4 227
40;161 077;23 542;22 484;18 311;15 628;21 662;25 659;17 310;16 481;23 542;22 484;9 284;9 027;4 040;11 588;6 512;7 642;7 508;7 206;18 453;9 144;8 166;16 481;23 542;1 501;1 579;2 568;1 664;1 064;1 707;2 079;1 700;3 519;2 601;1 700;802;2 979;875;1 293;963;750;1 006;1 418;848;1 216;3 222;962;1 244;735;800;1 306;1 574;1 160;1 680;1 818;1 863;1 232;1 554;1 769;1 672;1 549;1 393;2 590;980;2 336;1 130;1 479;1 102;1 595;1 493;2 658;1 409;1 948;1 361;1 716;1 024;1 528;1 577;1 593;6 192;3 498;1 794;2 203;1 500;1 673;464;3 648;1 659;1 760;1 613;1 459;1 976;1 994;2 737;1 255;2 981;3 109;2 153;2 583;4 400
41;176 932;25 641;24 972;19 772;17 679;23 905;27 608;19 092;18 263;25 641;24 972;10 273;9 499;4 531;13 148;7 059;8 408;8 438;7 643;19 965;9 930;9 162;18 263;25 641;1 669;1 700;2 774;1 848;1 214;1 875;2 435;1 871;3 852;2 860;1 911;963;3 242;1 022;1 415;1 072;781;1 144;1 597;945;1 266;3 288;1 019;1 385;762;834;1 433;1 751;1 347;1 983;2 069;2 078;1 345;1 639;2 097;1 937;1 698;1 488;2 765;1 108;2 551;1 235;1 577;1 193;1 852;1 658;2 950;1 625;2 205;1 326;1 879;1 024;1 671;1 743;1 819;6 500;3 950;1 946;2 408;1 595;1 747;576;3 908;1 729;1 903;1 814;1 645;2 314;2 159;3 044;1 349;3 265;3 467;2 355;2 783;5 044
42;182 182;25 816;25 972;20 504;18 168;25 068;28 014;19 718;18 922;25 816;25 972;10 599;9 905;4 676;13 492;7 502;8 900;8 666;7 953;20 061;10 410;9 308;18 922;25 816;1 744;1 787;2 877;1 825;1 178;1 943;2 559;1 995;4 004;3 122;2 018;920;3 421;1 003;1 420;1 149;828;1 093;1 685;1 005;1 358;3 313;1 128;1 412;824;865;1 493;1 859;1 324;2 013;2 048;2 063;1 479;1 785;2 128;1 976;1 788;1 479;3 044;1 191;2 649;1 342;1 650;1 337;1 922;1 688;3 071;1 669;2 238;1 438;1 840;1 144;1 668;1 863;1 785;6 444;3 929;1 926;2 540;1 633;1 804;577;4 018;1 890;2 020;1 905;1 647;2 279;2 225;3 157;1 448;3 446;3 591;2 408;2 857;5 172
43;184 299;25 257;26 289;20 830;18 313;25 494;28 707;20 210;19 199;25 257;26 289;10 716;10 114;4 727;13 586;7 451;9 110;8 933;8 139;20 568;10 612;9 598;19 199;25 257;1 771;1 903;2 993;1 861;1 230;1 980;2 527;1 922;4 052;3 143;1 973;934;3 332;1 030;1 415;1 215;867;1 208;1 649;1 090;1 406;3 337;1 077;1 420;848;936;1 530;1 846;1 351;2 081;2 044;2 095;1 451;1 788;2 197;1 930;1 745;1 503;3 015;1 188;2 697;1 390;1 741;1 359;1 923;1 738;3 088;1 735;2 372;1 521;1 881;1 157;1 754;1 826;1 876;6 422;4 290;1 925;2 513;1 568;1 974;595;4 075;1 898;2 033;2 011;1 784;2 293;2 261;3 260;1 492;3 656;3 612;2 448;2 911;5 080
44;188 831;24 959;26 359;21 404;19 400;26 714;29 433;20 888;19 674;24 959;26 359;10 978;10 426;5 094;14 306;7 973;9 602;9 139;8 622;20 811;11 112;9 776;19 674;24 959;1 756;1 847;3 103;1 868;1 258;2 002;2 468;1 913;3 993;3 186;1 954;1 011;3 438;1 062;1 542;1 203;819;1 216;1 698;1 084;1 424;3 402;1 144;1 516;925;931;1 596;2 020;1 478;2 205;2 172;2 093;1 486;1 852;2 368;2 130;1 924;1 587;3 173;1 289;2 872;1 382;1 873;1 398;2 077;1 797;3 137;1 768;2 437;1 632;2 005;1 216;1 845;1 924;1 886;6 518;4 131;2 024;2 596;1 724;1 932;664;4 272;1 857;2 169;2 150;1 714;2 311;2 383;3 368;1 532;3 620;3 755;2 673;2 930;5 164
45;191 690;24 593;26 922;21 813;20 160;26 798;29 849;21 544;20 011;24 593;26 922;11 113;10 700;5 349;14 811;7 941;9 542;9 315;8 775;21 074;11 335;10 209;20 011;24 593;1 846;1 845;3 102;1 888;1 357;2 080;2 525;2 003;4 004;3 240;2 062;970;3 448;1 066;1 526;1 202;851;1 208;1 812;1 154;1 523;3 503;1 160;1 529;869;962;1 690;2 140;1 519;2 371;2 256;2 172;1 551;1 962;2 393;2 106;1 837;1 567;3 227;1 310;2 811;1 424;1 765;1 432;2 110;1 730;3 296;1 850;2 439;1 608;1 995;1 207;1 964;2 001;2 001;6 565;4 257;2 043;2 599;1 591;2 018;667;4 235;1 945;2 276;2 212;1 829;2 456;2 501;3 423;1 587;3 692;3 803;2 637;2 957;5 335
46;193 095;24 225;26 680;22 198;20 564;27 439;29 794;21 549;20 646;24 225;26 680;11 338;10 860;5 344;15 220;8 270;9 842;9 327;8 762;21 032;11 336;10 213;20 646;24 225;1 762;1 947;3 128;1 874;1 354;2 059;2 460;2 029;3 871;3 096;2 117;983;3 495;1 028;1 578;1 275;878;1 218;1 866;1 107;1 516;3 490;1 255;1 611;852;1 029;1 676;2 170;1 498;2 392;2 190;2 216;1 659;2 024;2 455;2 284;1 907;1 656;3 401;1 306;2 882;1 406;1 988;1 442;2 124;1 748;3 133;1 954;2 492;1 632;2 020;1 248;1 898;1 964;1 946;6 497;4 206;2 103;2 642;1 645;1 993;667;4 271;1 958;2 287;2 153;1 873;2 397;2 476;3 467;1 580;3 698;4 025;2 665;3 190;5 488
47;180 507;22 019;24 691;20 856;19 453;25 782;27 835;20 068;19 803;22 019;24 691;10 754;10 102;5 114;14 339;7 757;9 173;8 852;8 258;19 577;10 497;9 571;19 803;22 019;1 684;1 680;2 927;1 746;1 235;2 015;2 359;1 738;3 529;2 859;1 967;952;3 354;1 049;1 510;1 178;815;1 149;1 699;1 034;1 468;3 252;1 132;1 358;897;961;1 646;2 083;1 385;2 352;2 144;2 021;1 510;1 830;2 315;2 167;1 836;1 577;3 136;1 208;2 648;1 379;1 840;1 334;1 972;1 757;3 020;1 781;2 294;1 496;1 831;1 221;1 806;1 904;1 847;5 891;3 903;1 963;2 511;1 549;1 913;646;3 836;1 877;2 132;2 006;1 779;2 348;2 287;3 157;1 572;3 636;3 980;2 408;2 963;5 244
48;163 477;19 630;22 137;18 824;17 810;23 182;25 261;18 575;18 058;19 630;22 137;9 697;9 127;4 654;13 156;6 811;8 356;8 015;7 744;17 517;9 621;8 954;18 058;19 630;1 496;1 546;2 745;1 605;1 097;1 790;2 140;1 569;3 069;2 488;1 719;873;2 959;1 005;1 364;1 097;767;986;1 519;1 004;1 360;2 887;1 002;1 276;766;832;1 483;1 757;1 414;2 113;1 964;1 837;1 376;1 751;2 213;1 902;1 529;1 361;2 775;1 146;2 453;1 214;1 625;1 216;1 848;1 541;2 728;1 607;2 139;1 430;1 746;1 076;1 706;1 786;1 636;5 181;3 428;1 792;2 433;1 286;1 761;573;3 524;1 645;2 040;1 839;1 604;2 179;2 203;2 968;1 432;3 302;3 680;2 202;2 693;4 749
49;153 817;18 674;20 667;17 472;16 577;22 013;23 781;17 217;17 416;18 674;20 667;9 091;8 381;4 352;12 225;6 555;8 008;7 450;7 264;16 517;8 948;8 269;17 416;18 674;1 400;1 398;2 524;1 520;1 115;1 605;1 844;1 504;2 864;2 391;1 691;811;2 769;866;1 240;1 029;721;1 005;1 461;955;1 221;2 623;932;1 154;730;766;1 371;1 658;1 323;1 946;1 843;1 780;1 266;1 615;1 968;1 807;1 437;1 360;2 647;1 111;2 373;1 129;1 622;1 163;1 721;1 392;2 537;1 487;2 034;1 341;1 643;1 085;1 515;1 680;1 541;4 839;3 228;1 682;2 216;1 330;1 681;519;3 376;1 481;1 925;1 647;1 496;2 020;2 071;2 682;1 306;3 231;3 576;2 237;2 474;4 592
50;147 357;17 659;19 620;17 085;15 997;20 950;22 957;16 435;16 654;17 659;19 620;8 954;8 131;4 271;11 726;6 190;7 648;7 112;6 925;16 032;8 420;8 015;16 654;17 659;1 350;1 361;2 377;1 363;1 073;1 606;1 884;1 367;2 674;2 309;1 511;745;2 656;886;1 319;1 009;714;968;1 402;903;1 220;2 552;856;1 119;717;764;1 270;1 643;1 358;1 871;1 773;1 671;1 144;1 558;1 973;1 736;1 376;1 327;2 434;1 053;2 212;1 040;1 565;1 112;1 719;1 381;2 446;1 417;1 868;1 276;1 562;1 034;1 476;1 577;1 452;4 675;3 130;1 711;2 156;1 252;1 656;456;3 059;1 430;1 834;1 641;1 472;1 946;1 962;2 635;1 266;2 860;3 474;2 112;2 458;4 484
51;141 106;16 370;18 470;16 370;15 222;20 073;22 198;16 076;16 327;16 370;18 470;8 505;7 865;4 158;11 064;5 782;7 380;6 911;6 718;15 480;8 316;7 760;16 327;16 370;1 275;1 226;2 348;1 316;1 025;1 467;1 782;1 299;2 396;2 065;1 555;716;2 527;829;1 249;901;707;938;1 354;874;1 215;2 421;863;1 076;645;771;1 235;1 590;1 333;1 721;1 727;1 572;1 115;1 517;1 829;1 583;1 384;1 172;2 280;946;2 115;1 055;1 501;1 046;1 663;1 313;2 353;1 414;1 831;1 209;1 522;965;1 408;1 614;1 443;4 487;2 965;1 640;2 222;1 172;1 551;481;2 963;1 445;1 830;1 597;1 388;1 952;1 924;2 496;1 259;2 914;3 503;2 107;2 229;4 315
52;134 002;15 718;17 420;15 503;14 441;18 839;21 194;15 348;15 539;15 718;17 420;8 136;7 367;3 983;10 458;5 477;6 946;6 416;6 387;14 807;7 879;7 469;15 539;15 718;1 286;1 198;2 190;1 246;913;1 420;1 644;1 269;2 265;1 873;1 417;699;2 460;786;1 120;909;650;883;1 328;742;1 125;2 341;816;995;654;694;1 238;1 525;1 220;1 611;1 642;1 481;1 089;1 448;1 698;1 489;1 279;1 142;2 104;952;2 079;948;1 373;963;1 583;1 241;2 112;1 283;1 780;1 165;1 391;914;1 426;1 491;1 252;4 528;2 836;1 604;2 047;1 104;1 436;467;2 834;1 317;1 750;1 511;1 323;1 913;1 848;2 385;1 286;2 753;3 326;1 972;2 137;4 065
53;133 795;15 823;17 322;15 377;14 386;18 613;21 160;15 235;15 879;15 823;17 322;8 024;7 353;3 937;10 449;5 320;6 837;6 456;6 545;14 615;7 927;7 308;15 879;15 823;1 207;1 166;2 178;1 229;1 007;1 411;1 607;1 250;2 223;1 869;1 477;698;2 405;758;1 184;917;641;889;1 230;766;1 187;2 296;769;976;629;730;1 236;1 486;1 215;1 582;1 673;1 505;1 088;1 509;1 657;1 435;1 273;1 102;2 060;885;1 955;1 003;1 404;966;1 509;1 298;2 161;1 250;1 747;1 218;1 419;912;1 424;1 572;1 317;4 391;2 755;1 498;2 054;1 152;1 448;533;2 797;1 325;1 769;1 503;1 337;1 851;1 807;2 313;1 151;2 899;3 495;2 054;2 145;4 135
54;134 823;15 389;16 927;15 786;14 458;18 710;21 503;15 587;16 463;15 389;16 927;8 165;7 621;3 914;10 544;5 483;6 877;6 350;6 596;14 907;8 018;7 569;16 463;15 389;1 178;1 215;2 096;1 250;977;1 364;1 600;1 209;2 159;1 735;1 439;705;2 558;772;1 088;878;661;946;1 262;823;1 083;2 409;814;1 115;642;735;1 210;1 534;1 170;1 511;1 717;1 470;1 072;1 553;1 690;1 531;1 233;1 079;2 204;967;2 075;1 009;1 397;924;1 472;1 298;2 056;1 273;1 723;1 186;1 403;971;1 460;1 576;1 328;4 444;2 807;1 564;2 102;1 165;1 497;486;2 930;1 313;1 760;1 529;1 333;1 941;1 915;2 380;1 191;2 938;3 709;1 937;2 295;4 393
55;139 376;16 213;17 391;16 043;15 159;19 466;22 149;16 151;16 804;16 213;17 391;8 388;7 655;4 153;11 006;5 597;7 136;6 733;6 774;15 375;8 372;7 779;16 804;16 213;1 249;1 153;2 276;1 289;1 007;1 424;1 565;1 159;2 238;1 825;1 487;719;2 554;817;1 116;974;705;904;1 318;776;1 212;2 416;835;1 001;635;780;1 262;1 591;1 300;1 687;1 666;1 583;1 127;1 632;1 744;1 567;1 332;1 141;2 182;942;2 011;1 033;1 475;1 023;1 594;1 396;2 159;1 337;1 841;1 205;1 459;1 002;1 523;1 585;1 443;4 760;2 720;1 598;2 201;1 140;1 513;527;3 046;1 473;1 799;1 527;1 361;1 963;2 005;2 450;1 221;3 069;3 627;2 040;2 336;4 511
56;145 033;16 888;18 199;16 843;15 627;20 113;22 932;16 747;17 684;16 888;18 199;8 759;8 084;4 219;11 408;5 904;7 341;6 868;7 060;15 872;8 457;8 290;17 684;16 888;1 258;1 300;2 305;1 335;1 039;1 436;1 658;1 272;2 254;1 922;1 636;784;2 709;864;1 154;973;672;975;1 412;870;1 201;2 533;911;1 113;670;786;1 283;1 698;1 238;1 759;1 799;1 544;1 147;1 689;1 876;1 594;1 395;1 181;2 273;1 055;2 112;1 120;1 499;1 014;1 596;1 406;2 270;1 425;1 767;1 311;1 510;1 002;1 548;1 689;1 420;4 944;2 922;1 625;2 241;1 166;1 554;531;3 064;1 454;1 821;1 587;1 472;2 055;2 106;2 657;1 252;3 145;3 958;2 106;2 546;4 677
57;139 362;16 182;17 115;16 248;15 120;19 404;22 023;16 428;16 842;16 182;17 115;8 578;7 670;4 126;10 994;5 626;7 118;6 660;6 850;15 173;8 367;8 061;16 842;16 182;1 275;1 181;2 196;1 223;1 009;1 366;1 548;1 157;2 042;1 805;1 585;728;2 510;824;1 197;972;717;990;1 368;828;1 179;2 447;800;1 014;623;779;1 218;1 632;1 276;1 585;1 725;1 509;1 147;1 659;1 789;1 580;1 333;1 130;2 181;982;2 100;1 031;1 429;980;1 578;1 352;2 161;1 359;1 788;1 341;1 480;967;1 499;1 563;1 339;4 707;2 789;1 527;2 160;1 227;1 424;505;3 126;1 383;1 776;1 577;1 372;2 019;2 058;2 612;1 199;2 913;3 674;2 076;2 421;4 559
58;124 895;14 229;15 363;14 532;13 156;17 563;20 023;14 726;15 303;14 229;15 363;7 687;6 845;3 686;9 470;4 952;6 447;6 164;6 319;13 704;7 437;7 289;15 303;14 229;1 188;1 055;1 927;1 126;907;1 277;1 384;1 055;1 803;1 535;1 437;669;2 266;695;1 074;881;659;879;1 233;713;1 055;2 124;731;909;600;713;1 084;1 497;1 105;1 433;1 569;1 337;1 047;1 358;1 398;1 328;1 193;1 013;1 915;831;1 888;971;1 330;905;1 353;1 334;2 018;1 212;1 600;1 184;1 377;906;1 389;1 463;1 261;4 245;2 360;1 383;2 034;1 080;1 341;480;2 678;1 264;1 592;1 423;1 318;1 811;1 783;2 377;1 044;2 808;3 374;1 805;2 227;4 045
59;121 067;13 335;14 551;14 410;12 436;16 888;19 859;14 794;14 794;13 335;14 551;7 563;6 847;3 440;8 996;4 743;6 172;5 973;6 332;13 527;7 477;7 317;14 794;13 335;1 098;965;1 808;1 051;908;1 156;1 370;1 070;1 699;1 443;1 332;651;2 247;716;1 074;798;597;859;1 272;712;1 120;2 121;757;926;568;643;1 051;1 367;1 022;1 294;1 508;1 294;979;1 366;1 382;1 173;1 172;967;1 761;843;1 730;961;1 266;945;1 270;1 284;1 919;1 186;1 584;1 184;1 340;865;1 464;1 479;1 221;4 170;2 382;1 436;1 914;1 054;1 350;472;2 652;1 339;1 586;1 428;1 354;1 759;1 802;2 402;1 090;2 700;3 206;1 759;2 193;3 846
60;117 929;12 934;14 027;14 048;12 430;16 455;19 264;14 523;14 248;12 934;14 027;7 475;6 573;3 577;8 853;4 705;6 003;5 747;6 112;13 152;7 480;7 043;14 248;12 934;1 095;993;1 693;1 064;892;1 049;1 386;987;1 627;1 278;1 314;649;2 167;747;1 066;832;615;825;1 223;659;1 013;2 076;719;874;553;679;1 113;1 416;1 048;1 324;1 440;1 251;958;1 307;1 385;1 188;1 176;936;1 781;812;1 802;948;1 188;837;1 228;1 182;1 937;1 172;1 456;1 111;1 353;884;1 394;1 370;1 205;4 062;2 368;1 318;1 948;1 007;1 244;501;2 659;1 239;1 603;1 478;1 299;1 767;1 719;2 258;1 023;2 552;3 143;1 761;2 198;3 571
61;115 840;12 216;13 854;14 040;12 138;16 286;19 195;14 263;13 848;12 216;13 854;7 478;6 562;3 416;8 722;4 477;6 132;5 677;6 076;13 119;7 290;6 973;13 848;12 216;1 133;934;1 663;1 061;897;1 076;1 294;1 012;1 575;1 278;1 337;594;2 161;712;1 106;808;602;851;1 238;682;1 018;2 135;707;851;566;603;1 066;1 341;1 009;1 293;1 434;1 226;961;1 254;1 371;1 183;1 099;890;1 704;784;1 746;885;1 275;870;1 356;1 179;1 857;1 133;1 508;1 175;1 301;856;1 384;1 360;1 227;3 979;2 212;1 408;1 935;1 057;1 301;453;2 668;1 269;1 510;1 390;1 276;1 732;1 651;2 314;1 100;2 464;2 885;1 747;2 066;3 586
62;124 211;13 091;15 041;14 974;13 222;17 548;20 259;14 989;15 087;13 091;15 041;8 039;6 935;3 664;9 558;4 940;6 463;6 145;6 498;13 761;7 739;7 250;15 087;13 091;1 253;974;1 750;1 157;947;1 158;1 446;1 154;1 679;1 405;1 461;657;2 224;762;1 231;879;703;913;1 327;719;1 080;2 162;732;927;594;721;1 105;1 492;1 067;1 426;1 504;1 460;1 049;1 376;1 461;1 282;1 196;997;1 816;931;1 955;932;1 287;912;1 377;1 278;1 996;1 258;1 613;1 205;1 413;974;1 382;1 524;1 259;4 189;2 423;1 384;2 043;1 043;1 420;487;2 786;1 282;1 699;1 485;1 342;1 864;1 734;2 310;1 177;2 571;3 238;1 840;2 349;3 912
63;131 925;13 821;16 029;16 094;14 056;18 857;21 615;15 821;15 632;13 821;16 029;8 677;7 417;3 897;10 159;5 247;6 986;6 624;6 742;14 873;8 089;7 732;15 632;13 821;1 317;1 059;1 889;1 159;1 045;1 232;1 548;1 242;1 783;1 456;1 539;760;2 559;848;1 306;928;691;948;1 397;824;1 213;2 262;745;1 008;632;733;1 204;1 552;1 141;1 614;1 632;1 503;1 125;1 390;1 570;1 325;1 289;1 089;1 903;966;1 990;1 139;1 389;999;1 469;1 327;2 135;1 374;1 788;1 246;1 464;995;1 520;1 517;1 381;4 460;2 569;1 584;2 164;1 165;1 550;531;2 914;1 401;1 688;1 555;1 421;1 927;1 859;2 525;1 332;2 750;3 294;1 952;2 362;3 942
64;135 560;14 218;16 636;16 607;14 294;19 707;22 030;16 287;15 781;14 218;16 636;8 914;7 693;4 008;10 286;5 462;7 381;6 864;6 829;15 201;8 408;7 879;15 781;14 218;1 298;1 141;1 974;1 267;1 114;1 285;1 609;1 187;1 849;1 571;1 603;738;2 571;814;1 311;977;742;1 030;1 469;887;1 222;2 380;861;973;657;713;1 247;1 578;1 183;1 629;1 522;1 569;1 155;1 433;1 582;1 396;1 358;1 126;1 979;999;2 234;1 026;1 507;1 034;1 580;1 469;2 206;1 452;1 737;1 303;1 514;1 001;1 535;1 476;1 425;4 752;2 428;1 574;2 131;1 255;1 636;585;3 030;1 442;1 697;1 654;1 420;1 928;1 943;2 588;1 306;2 795;3 352;1 918;2 475;3 935
65;135 623;14 582;16 573;16 688;14 331;19 792;21 986;16 224;15 447;14 582;16 573;8 781;7 907;3 907;10 424;5 416;7 525;6 851;6 925;15 061;8 464;7 760;15 447;14 582;1 327;1 096;1 966;1 285;1 039;1 217;1 569;1 247;1 912;1 543;1 579;793;2 480;825;1 341;1 020;707;997;1 411;793;1 260;2 539;908;1 004;662;741;1 201;1 545;1 161;1 636;1 566;1 658;1 217;1 421;1 542;1 384;1 360;1 088;1 997;971;2 267;1 148;1 450;1 073;1 587;1 464;2 313;1 313;1 761;1 368;1 460;1 052;1 554;1 491;1 442;4 636;2 578;1 599;2 129;1 127;1 550;583;3 019;1 474;1 747;1 641;1 525;1 881;1 821;2 533;1 282;2 648;3 291;1 812;2 390;4 024
66;134 831;14 926;16 767;16 401;14 488;19 866;21 048;16 105;15 230;14 926;16 767;8 726;7 675;3 915;10 573;5 559;7 482;6 825;6 321;14 727;8 390;7 715;15 230;14 926;1 379;1 153;2 091;1 242;998;1 274;1 620;1 240;1 883;1 524;1 571;792;2 457;818;1 278;993;725;1 004;1 451;845;1 195;2 472;851;1 017;643;652;1 264;1 602;1 049;1 761;1 514;1 661;1 125;1 409;1 638;1 465;1 320;1 117;2 113;1 009;2 216;1 160;1 530;1 019;1 557;1 451;2 244;1 374;1 756;1 219;1 403;897;1 454;1 348;1 360;4 583;2 475;1 564;2 064;1 176;1 505;581;3 007;1 445;1 726;1 631;1 504;1 855;1 826;2 530;1 296;2 699;2 979;2 012;2 249;3 995
67;134 107;14 873;16 606;16 271;14 459;19 771;20 880;15 870;15 377;14 873;16 606;8 467;7 804;4 080;10 379;5 661;7 359;6 751;6 333;14 547;8 269;7 601;15 377;14 873;1 350;1 147;2 022;1 307;1 072;1 284;1 566;1 210;1 828;1 547;1 539;734;2 429;760;1 253;1 037;677;927;1 384;789;1 217;2 532;877;1 017;662;710;1 247;1 639;1 194;1 781;1 590;1 485;1 185;1 342;1 578;1 418;1 316;1 193;2 186;966;2 219;1 082;1 431;1 039;1 588;1 397;2 228;1 332;1 794;1 228;1 373;877;1 434;1 421;1 364;4 505;2 472;1 547;2 079;1 107;1 473;575;2 971;1 422;1 660;1 641;1 449;1 745;1 785;2 622;1 362;2 695;3 079;1 974;2 297;3 970
68;134 521;14 953;16 831;16 117;14 397;20 285;21 075;15 636;15 227;14 953;16 831;8 336;7 781;3 806;10 591;5 961;7 471;6 853;6 459;14 616;8 127;7 509;15 227;14 953;1 354;1 105;2 056;1 279;991;1 370;1 676;1 262;1 806;1 626;1 538;768;2 423;766;1 208;948;654;937;1 400;867;1 222;2 446;884;1 044;666;652;1 190;1 555;1 061;1 809;1 549;1 569;1 179;1 354;1 608;1 523;1 343;1 280;2 362;976;2 126;1 158;1 483;1 067;1 637;1 422;2 154;1 418;1 859;1 294;1 371;922;1 429;1 443;1 419;4 457;2 507;1 480;2 033;1 174;1 546;576;2 893;1 347;1 672;1 639;1 394;1 760;1 809;2 546;1 317;2 719;3 158;1 906;2 280;3 847
69;133 336;14 748;16 180;15 653;14 821;19 925;20 812;15 633;15 564;14 748;16 180;8 412;7 241;4 012;10 809;5 914;7 361;6 650;6 409;14 403;8 194;7 439;15 564;14 748;1 311;1 068;1 977;1 214;998;1 287;1 552;1 186;1 830;1 492;1 494;771;2 416;814;1 296;939;666;904;1 377;776;1 172;2 148;832;1 011;641;661;1 248;1 615;1 149;1 895;1 582;1 556;1 153;1 452;1 650;1 521;1 346;1 257;2 291;1 020;2 115;1 025;1 490;1 013;1 718;1 386;2 059;1 425;1 780;1 288;1 348;949;1 417;1 407;1 334;4 366;2 551;1 468;2 042;1 122;1 520;581;2 961;1 371;1 596;1 685;1 404;1 759;1 772;2 504;1 405;2 742;3 105;1 958;2 374;3 980
70;128 881;13 937;15 874;15 121;14 607;19 671;19 984;15 045;14 642;13 937;15 874;8 018;7 103;3 890;10 717;5 922;7 377;6 372;6 120;13 864;7 838;7 207;14 642;13 937;1 295;1 058;1 954;1 257;946;1 292;1 501;1 170;1 715;1 485;1 475;726;2 236;711;1 266;958;657;889;1 301;775;1 133;2 216;766;949;608;656;1 247;1 543;1 100;1 834;1 507;1 572;1 185;1 381;1 686;1 552;1 373;1 284;2 321;944;2 060;1 019;1 452;1 084;1 762;1 294;1 979;1 326;1 773;1 189;1 351;905;1 366;1 309;1 302;4 207;2 432;1 441;1 944;1 123;1 415;584;2 756;1 307;1 518;1 673;1 371;1 724;1 683;2 429;1 300;2 624;2 981;1 784;2 212;3 741
71;123 211;13 550;15 404;14 452;13 921;18 367;19 038;14 355;14 124;13 550;15 404;7 552;6 900;3 650;10 271;5 536;6 854;5 977;5 910;13 128;7 598;6 757;14 124;13 550;1 338;1 001;1 962;1 120;930;1 239;1 379;1 186;1 659;1 418;1 465;707;2 122;762;1 191;873;607;789;1 208;773;1 091;2 124;781;912;591;628;1 116;1 473;1 061;1 720;1 512;1 497;1 058;1 307;1 626;1 551;1 351;1 135;2 137;913;1 985;1 006;1 388;928;1 547;1 177;1 857;1 251;1 692;1 188;1 335;853;1 274;1 260;1 243;4 030;2 334;1 335;1 804;1 011;1 371;538;2 667;1 318;1 463;1 612;1 314;1 606;1 652;2 185;1 278;2 535;2 802;1 819;2 058;3 632
72;124 528;13 914;15 296;14 658;14 177;18 794;19 288;14 295;14 106;13 914;15 296;7 694;6 964;3 738;10 439;5 724;7 026;6 044;5 948;13 340;7 648;6 647;14 106;13 914;1 235;987;1 873;1 193;955;1 243;1 403;1 117;1 755;1 431;1 407;697;2 153;737;1 186;907;606;840;1 265;749;1 166;2 148;802;905;573;621;1 157;1 489;1 092;1 815;1 482;1 508;1 093;1 376;1 633;1 532;1 325;1 176;2 258;965;2 040;1 005;1 386;1 000;1 595;1 233;1 880;1 275;1 656;1 146;1 284;963;1 250;1 305;1 249;4 114;2 412;1 406;1 714;1 010;1 435;510;2 684;1 364;1 478;1 612;1 248;1 601;1 677;2 121;1 328;2 493;2 948;1 764;1 983;3 590
73;126 187;14 632;15 530;15 064;14 317;19 107;19 512;14 236;13 789;14 632;15 530;7 918;7 146;3 720;10 597;5 877;7 113;6 117;6 018;13 494;7 646;6 590;13 789;14 632;1 204;1 123;1 947;1 171;925;1 235;1 412;1 120;1 742;1 473;1 429;749;2 230;689;1 265;943;614;868;1 309;797;1 118;2 259;785;944;610;633;1 170;1 468;1 082;1 880;1 434;1 536;1 078;1 314;1 686;1 669;1 322;1 280;2 321;954;2 109;992;1 402;954;1 656;1 211;1 942;1 285;1 679;1 145;1 343;878;1 307;1 345;1 218;4 317;2 439;1 421;1 763;930;1 406;547;2 785;1 185;1 557;1 572;1 239;1 628;1 613;2 110;1 317;2 346;2 850;1 736;1 925;3 615
74;118 370;14 893;14 641;14 065;12 424;17 724;19 053;13 468;12 102;14 893;14 641;7 408;6 657;3 113;9 311;5 151;6 606;5 967;5 654;13 399;7 061;6 407;12 102;14 893;1 196;1 028;1 739;1 096;902;1 162;1 368;1 105;1 605;1 509;1 289;642;2 171;669;1 128;874;540;773;1 253;691;1 044;2 221;753;835;623;490;964;1 255;894;1 625;1 297;1 390;971;1 202;1 416;1 410;1 156;1 094;2 027;874;2 043;948;1 318;874;1 423;1 188;1 977;1 170;1 632;1 050;1 274;839;1 214;1 277;1 218;4 646;2 327;1 293;1 678;925;1 312;425;2 508;1 241;1 519;1 368;1 151;1 595;1 583;2 078;1 089;2 038;2 400;1 613;1 576;3 386
75;92 384;11 989;11 547;11 009;8 954;13 563;14 972;10 604;9 746;11 989;11 547;5 657;5 352;2 414;6 540;3 807;5 293;4 463;4 598;10 374;5 408;5 196;9 746;11 989;898;829;1 518;863;651;998;1 089;867;1 267;1 076;1 035;456;1 658;463;827;689;423;640;957;513;871;1 860;575;667;487;379;772;1 005;637;1 151;903;964;644;881;1 064;933;827;847;1 434;699;1 599;729;1 097;743;1 125;911;1 431;899;1 222;867;881;723;994;1 133;977;3 513;1 857;985;1 362;777;903;315;1 886;1 004;1 245;958;940;1 288;1 350;1 618;742;1 690;2 095;1 244;1 190;2 785
76;93 818;12 403;11 348;10 880;9 218;13 711;15 018;10 736;10 504;12 403;11 348;5 501;5 379;2 444;6 774;3 805;5 335;4 571;4 462;10 556;5 574;5 162;10 504;12 403;823;838;1 461;894;683;942;1 026;836;1 252;1 098;1 012;483;1 643;454;796;667;383;615;943;503;817;2 020;594;647;444;354;753;1 013;678;1 123;906;998;680;927;1 128;1 012;766;802;1 514;723;1 636;774;1 131;710;1 084;978;1 483;911;1 199;843;928;690;959;1 042;959;3 778;1 822;960;1 359;768;910;336;1 998;984;1 245;1 011;908;1 263;1 275;1 716;790;1 819;2 294;1 248;1 357;2 996
77;87 755;11 362;10 475;10 185;8 418;12 842;14 323;10 122;10 028;11 362;10 475;5 256;4 929;2 252;6 166;3 592;5 068;4 182;4 244;10 079;5 347;4 775;10 028;11 362;749;794;1 303;809;668;826;950;752;1 180;1 055;943;446;1 603;400;768;635;372;655;823;503;781;1 816;494;588;421;326;662;935;655;1 028;815;958;610;841;970;944;694;781;1 401;716;1 591;676;1 037;699;1 065;853;1 440;814;1 075;835;879;652;893;985;933;3 626;1 847;907;1 299;647;820;306;1 930;980;1 152;979;836;1 230;1 172;1 537;648;1 770;2 209;1 216;1 339;2 846
78;74 828;9 179;8 625;8 813;7 372;10 602;12 464;8 899;8 874;9 179;8 625;4 578;4 235;1 975;5 397;2 943;4 066;3 593;3 609;8 855;4 673;4 226;8 874;9 179;693;591;1 154;698;544;693;757;653;933;766;721;422;1 356;376;639;573;348;547;739;414;676;1 553;439;518;327;308;601;809;565;859;750;835;524;760;860;809;592;655;1 174;522;1 253;528;865;536;884;720;1 227;715;931;686;749;565;758;851;821;3 075;1 569;854;1 224;592;720;260;1 710;799;1 015;889;756;1 005;1 018;1 447;645;1 536;2 063;1 001;1 214;2 415
79;68 416;7 984;7 564;7 883;6 825;9 811;11 524;8 261;8 564;7 984;7 564;4 078;3 805;1 917;4 908;2 693;3 754;3 364;3 345;8 179;4 291;3 970;8 564;7 984;568;515;959;631;517;585;662;544;854;683;682;364;1 223;338;583;491;285;485;673;361;578;1 407;386;481;276;316;593;763;561;796;678;754;471;671;801;737;565;560;1 050;518;1 168;479;800;517;790;673;1 068;702;921;618;700;547;720;760;776;2 815;1 475;747;1 071;588;707;271;1 556;728;891;845;682;944;998;1 346;550;1 526;2 018;1 013;1 148;2 309
80;63 784;7 076;7 146;7 361;6 519;9 144;10 629;7 748;8 161;7 076;7 146;3 825;3 536;1 920;4 599;2 494;3 491;3 159;3 221;7 408;3 946;3 802;8 161;7 076;588;521;953;584;444;522;640;537;740;567;713;337;1 106;320;558;448;294;475;624;352;505;1 270;382;465;263;299;590;770;560;662;706;677;456;683;747;668;555;506;986;447;1 074;487;674;488;768;684;1 073;608;794;578;717;486;700;740;709;2 511;1 297;679;1 005;549;658;251;1 421;637;829;808;675;929;897;1 301;528;1 378;1 693;961;1 287;2 314
81;53 286;5 820;5 912;6 257;5 446;7 855;8 864;6 657;6 475;5 820;5 912;3 222;3 035;1 614;3 832;2 173;2 926;2 756;2 758;6 106;3 372;3 285;6 475;5 820;453;429;732;540;364;502;560;414;606;496;556;260;903;265;467;398;244;380;565;288;498;1 083;316;371;242;237;494;654;466;612;531;519;370;535;690;575;436;482;830;425;929;398;621;397;581;554;973;531;698;526;547;422;608;655;572;2 157;1 000;590;803;437;547;189;1 225;563;727;668;559;863;759;1 104;420;1 071;1 415;738;1 101;1 730
82;47 581;5 539;5 487;5 576;4 479;6 826;8 233;6 109;5 332;5 539;5 487;2 855;2 721;1 330;3 149;1 810;2 653;2 363;2 611;5 622;3 124;2 985;5 332;5 539;421;377;689;446;383;451;513;406;586;437;524;254;801;218;405;368;197;360;506;243;437;976;283;337;241;204;349;596;385;486;447;465;343;421;488;499;387;375;714;334;888;362;545;351;507;508;835;441;579;489;555;383;536;648;550;1 943;942;528;783;412;464;165;1 102;545;726;586;512;718;734;1 021;343;919;1 171;678;770;1 451
83;41 666;4 913;4 763;4 918;3 945;6 038;7 192;5 264;4 633;4 913;4 763;2 608;2 310;1 156;2 789;1 567;2 342;2 129;2 292;4 900;2 673;2 591;4 633;4 913;377;341;627;396;313;382;459;349;474;393;435;217;720;197;370;350;193;321;457;205;349;875;221;304;186;170;333;509;314;428;403;440;295;403;426;394;340;356;563;308;739;323;494;308;478;441;714;413;561;402;486;360;478;566;453;1 738;827;409;658;391;424;148;941;470;615;499;467;666;619;839;329;775;1 018;558;665;1 288
84;37 820;4 508;4 323;4 566;3 477;5 547;6 498;4 769;4 132;4 508;4 323;2 437;2 129;1 028;2 449;1 423;2 156;1 968;2 074;4 424;2 367;2 402;4 132;4 508;332;282;508;371;263;356;421;308;468;363;424;227;661;178;369;337;198;268;426;209;325;839;211;237;166;142;315;438;275;390;355;374;256;316;346;412;311;291;527;294;728;296;432;299;401;399;729;357;483;394;401;340;411;528;426;1 623;729;400;594;283;369;110;882;423;510;442;396;646;566;794;272;733;892;458;669;1 108
85;34 285;4 108;3 973;4 140;3 159;4 987;5 920;4 324;3 674;4 108;3 973;2 209;1 931;895;2 264;1 267;1 941;1 779;1 840;4 080;2 172;2 152;3 674;4 108;337;257;520;321;285;305;370;304;403;314;390;167;657;151;321;285;154;241;400;182;313;719;203;227;149;138;269;379;247;360;294;354;239;321;339;357;249;251;514;253;634;297;378;266;366;363;640;328;448;352;409;276;363;440;399;1 409;718;368;561;297;328;122;792;388;466;404;336;548;525;743;277;628;780;456;551;982
86;30 999;3 756;3 628;3 724;2 759;4 682;5 272;3 941;3 237;3 756;3 628;1 947;1 777;833;1 926;1 231;1 782;1 669;1 654;3 618;1 941;2 000;3 237;3 756;275;252;419;314;251;292;336;269;391;289;369;171;592;150;244;238;132;232;359;169;290;676;174;189;163;116;246;388;199;316;272;336;197;232;258;315;240;261;441;289;572;259;369;262;320;340;600;306;423;287;366;245;377;379;350;1 284;601;299;501;274;309;96;752;320;420;353;338;521;428;713;258;575;662;347;483;912
87;27 535;3 534;3 168;3 252;2 329;4 215;4 778;3 462;2 797;3 534;3 168;1 764;1 488;657;1 672;1 082;1 654;1 479;1 445;3 333;1 719;1 743;2 797;3 534;262;207;395;295;225;226;302;226;320;270;308;132;540;119;257;215;110;209;314;127;279;550;142;168;129;93;197;284;176;267;227;294;174;196;243;271;214;220;405;243;542;233;339;213;327;295;540;279;365;273;307;212;351;302;319;1 238;542;264;423;249;298;100;651;295;384;289;307;430;392;614;207;470;575;348;452;745
88;24 806;3 331;2 874;2 879;2 051;3 755;4 238;3 119;2 559;3 331;2 874;1 545;1 334;594;1 457;949;1 413;1 393;1 333;2 905;1 543;1 576;2 559;3 331;250;194;355;239;193;218;272;212;293;254;259;135;469;102;252;177;126;159;260;128;208;507;141;160;115;75;192;266;136;265;161;240;138;184;222;247;174;206;343;226;467;219;292;183;252;285;516;283;309;280;285;173;322;273;290;1 069;457;243;364;211;271;91;581;265;304;302;274;378;350;574;172;469;466;300;402;750
89;20 865;2 832;2 361;2 490;1 698;3 149;3 540;2 596;2 199;2 832;2 361;1 339;1 151;470;1 228;767;1 248;1 134;1 025;2 515;1 333;1 263;2 199;2 832;177;142;310;189;184;173;228;184;264;206;209;95;406;97;204;178;86;139;229;127;178;421;107;145;105;68;154;225;91;231;137;177;136;174;180;193;141;169;306;151;439;157;247;180;225;234;400;196;304;197;214;152;250;212;262;946;376;219;321;187;204;56;524;222;271;260;221;298;303;441;136;388;425;273;322;655
90;17 438;2 496;2 003;2 031;1 367;2 666;3 036;2 101;1 738;2 496;2 003;1 058;973;391;976;669;1 126;871;849;2 187;1 076;1 025;1 738;2 496;133;140;249;171;131;145;218;148;194;197;192;85;325;73;147;135;68;113;197;70;154;397;94;124;80;54;111;194;86;152;115;165;100;139;164;141;112;133;263;161;326;187;246;146;221;157;341;144;229;170;184;112;215;168;218;823;369;177;265;146;189;48;407;202;214;205;186;246;256;337;110;328;335;205;236;524
91;13 118;1 898;1 453;1 538;1 027;1 955;2 333;1 550;1 364;1 898;1 453;825;713;305;722;521;759;675;669;1 664;802;748;1 364;1 898;111;110;185;120;96;104;129;82;164;136;154;62;251;55;114;117;47;93;148;79;117;268;74;73;57;45;88;154;63;136;84;116;73;85;111;117;84;112;215;110;251;110;156;89;153;108;278;128;161;107;141;109;167;145;145;676;268;138;196;126;115;47;302;158;163;132;142;197;162;247;85;241;271;168;197;402
92;10 197;1 559;1 140;1 098;847;1 468;1 824;1 209;1 052;1 559;1 140;616;482;252;595;354;604;510;521;1 303;615;594;1 052;1 559;99;82;128;85;74;95;107;72;135;107;107;49;169;49;76;90;40;66;126;30;84;198;45;54;45;26;76;114;62;101;79;89;48;72;95;111;52;92;129;81;206;79;132;79;108;101;187;84;138;93;122;71;125;110;127;500;220;106;151;95;104;32;227;116;128;112;116;142;137;199;83;199;189;131;165;285
93;7 539;1 162;817;817;579;1 119;1 350;937;758;1 162;817;426;391;156;423;305;447;367;369;981;469;468;758;1 162;72;53;75;75;67;77;60;59;82;88;78;31;134;35;54;58;29;43;73;31;62;138;41;50;40;29;55;75;26;83;46;55;47;52;66;74;51;62;123;69;132;56;79;85;95;74;147;68;78;67;85;40;89;88;81;426;149;69;115;78;63;18;166;75;123;87;84;127;107;150;53;143;162;69;102;229
94;5 519;859;624;566;438;817;979;684;552;859;624;310;256;111;327;222;312;283;269;710;357;327;552;859;61;48;75;51;32;47;74;42;54;56;62;22;100;10;43;44;21;35;57;20;31;108;23;30;27;17;43;44;24;54;50;54;29;35;37;68;36;46;95;45;106;56;56;45;49;48;110;49;76;44;59;45;68;53;57;319;104;51;82;47;50;18;138;60;75;66;61;83;67;116;40;100;104;72;75;161
95;3 784;569;423;407;274;564;690;455;402;569;423;208;199;72;202;150;236;178;170;520;234;221;402;569;27;27;43;37;22;43;39;21;53;43;43;25;61;18;33;24;16;23;33;20;33;75;20;23;13;15;26;29;17;33;24;29;24;28;23;41;19;39;71;21;78;45;53;20;40;35;70;25;48;21;40;28;35;46;44;211;78;40;63;35;49;15;91;48;50;30;41;56;53;71;37;84;84;42;61;94
96;2 691;464;293;281;238;364;479;312;260;464;293;158;123;63;175;110;124;130;113;366;162;150;260;464;15;18;32;32;18;20;35;31;26;28;26;12;42;17;29;23;9;10;28;13;23;46;9;12;8;12;22;29;12;32;27;25;12;28;20;31;16;28;46;20;37;11;31;18;27;29;41;20;40;17;26;16;23;31;27;153;70;24;41;18;33;4;66;28;25;39;41;43;26;40;19;53;44;35;44;65
97;1 903;338;219;195;152;258;319;222;200;338;219;97;98;44;108;69;94;95;72;247;126;96;200;338;13;16;21;23;14;16;22;13;24;30;14;13;28;8;11;13;13;17;7;7;11;37;11;14;11;7;15;19;10;23;16;10;11;10;16;22;17;22;22;8;27;16;22;12;17;18;32;19;26;14;9;7;22;20;26;102;44;18;24;13;20;7;59;22;19;19;25;24;21;26;20;41;38;21;22;58
98;1 146;180;133;118;93;166;212;119;125;180;133;78;40;25;68;44;71;51;47;165;65;54;125;180;10;6;13;15;9;13;4;13;20;10;13;7;24;4;13;8;6;7;16;3;4;16;8;1;4;4;12;11;2;11;6;13;6;11;8;13;11;10;14;9;23;9;19;6;14;8;21;7;15;6;11;5;14;11;17;68;32;11;12;13;12;2;27;13;11;12;13;10;8;23;11;26;19;21;19;29
99;719;116;64;81;59;103;133;88;75;116;64;51;30;13;46;27;49;27;30;103;45;43;75;116;4;2;4;6;8;6;10;3;8;9;3;1;16;2;11;4;6;6;6;2;7;5;3;7;5;1;4;7;2;7;8;3;5;5;5;13;5;9;9;4;18;6;6;11;8;9;8;4;6;4;5;4;10;7;6;43;19;12;4;8;11;5;14;12;9;5;7;11;10;15;1;15;14;7;10;28
100;845;128;113;99;72;111;149;92;81;128;113;59;40;22;50;24;52;35;31;118;46;46;81;128;5;9;8;14;9;5;14;3;21;11;12;2;23;7;10;9;1;2;7;5;8;8;6;6;3;4;10;8;4;11;5;12;4;5;6;7;7;5;6;6;16;9;11;5;11;7;13;7;8;3;5;4;9;10;8;55;17;11;11;8;8;4;12;10;10;10;8;7;12;19;3;13;22;9;17;17
